"Keyword for: (lifepal.co.id/media)","www.google.co.id current position","Found SERP","Best Position","First Position","Local Search Volume (ID)","Global Search Volume","CPC (ID)","CPC (Global)","CMP (ID)","CMP (Global)"
"biaya asuransi prudential",1,https://lifepal.co.id/media/biaya-asuransi-prudential/,1,1,390,390,-,-,33,33
"asuransi kehamilan",1,https://lifepal.co.id/media/asuransi-melahirkan/,1,1,320,320,-,-,50,49
"cek polis axa mandiri",2,https://lifepal.co.id/media/cek-polis-axa-mandiri/,2,2,590,590,-,-,17,17
"asuransi jiwa terbaik di indonesia",3,https://lifepal.co.id/media/asuransi-terbaik/,2,2,320,320,-,-,46,46
"premi asuransi kesehatan allianz",3,https://lifepal.co.id/media/premi-asuransi-kesehatan-allianz/,3,4,590,590,-,-,42,40
"asuransi kesehatan axa mandiri",3,https://lifepal.co.id/media/asuransi-kesehatan-axa-mandiri/,3,3,390,390,-,-,40,39
"asuransi kesehatan untuk orang tua",,,2,2,110,110,1,1,55,53
"asuransi rawat jalan",2,https://lifepal.co.id/media/asuransi-rawat-jalan/,2,2,880,880,0.5,0.5,64,63
"cara menutup asuransi bni life",1,"https://lifepal.co.id/media/berhenti-asuransi-apakah-uang-kembali/#:~:text=Cara menutup asuransi lewat BNI,untuk menutup asuransi BNI Life.",1,1,90,90,-,-,3,3
"cek saldo taspen",1,https://lifepal.co.id/media/cek-saldo-taspen-online/,1,1,590,590,-,-,-,-
"cek polis prudential",2,https://lifepal.co.id/media/cek-polis-prudential/,2,2,590,590,-,-,8,8
"asuransi jiwa murah",2,https://lifepal.co.id/media/pilihan-asuransi-jiwa-murah/,1,2,140,140,-,-,69,68
"pengembalian premi axa mandiri",1,"https://lifepal.co.id/media/pengembalian-premi-axa-mandiri/#:~:text=Asuransi Mandiri Secure Plan AXA Mandiri akan mengembalikan premi hingga,(tahun ke-10).",1,1,50,50,-,-,16,16
"asuransi pensiun terbaik",1,https://lifepal.co.id/media/pertimbangkan-asuransi-pensiun/,1,1,90,90,-,-,42,40
"asuransi melahirkan tanpa masa tunggu",1,https://lifepal.co.id/media/asuransi-melahirkan-tanpa-masa-tunggu/,1,1,210,210,-,-,49,48
"cara klaim bni life",4,https://lifepal.co.id/media/cara-klaim-bni-life/,4,5,70,70,-,-,9,9
"asuransi jiwa murni terbaik",1,https://lifepal.co.id/media/asuransi-jiwa-murni/,1,1,40,50,-,-,58,58
"fasilitas bpjs kelas 1",2,https://lifepal.co.id/media/alasan-peserta-kelas-3-bpjs-kesehatan-gak-bisa-upgrade-kamar/,1,2,1300,1300,-,-,-,-
"saldo prudential bisa diambil",1,"https://lifepal.co.id/media/saldo-prudential-bisa-diambil/#:~:text=Apakah uang asuransi Prudential bisa,konsultasikan dengan agen Prudential kamu.",1,1,10,10,-,-,4,4
"cara menghitung premi asuransi",1,https://lifepal.co.id/media/menghitung-premi-asuransi-jiwa/,1,1,210,210,-,-,18,18
"cek faskes bpjs saya",1,"https://lifepal.co.id/media/faskes-bpjs/#:~:text=BPJS Checking, salah satu cara cek faskes BPJS saya&text=Kunjungi situs https://daftar,, klik tombol 'Cek'.",1,1,260,260,-,-,-,-
"asuransi kematian",3,https://lifepal.co.id/media/asuransi-kematian/,2,2,720,720,-,-,36,36
"cara membatalkan axa mandiri",2,https://lifepal.co.id/media/cara-membatalkan-axa-mandiri/,1,2,140,140,-,-,5,5
"daftar jkn mobile",7,https://lifepal.co.id/media/jkn-mobile/,6,7,1600,1600,-,-,-,-
"asuransi gigi terbaik",2,https://lifepal.co.id/media/asuransi-gigi-terbaik/,2,2,170,170,-,-,54,52
"axa mandiri setelah 5 tahun",1,https://lifepal.co.id/media/axa-mandiri-setelah-5-tahun/,1,2,-,-,-,-,-,-
"kapan bpjs ketenagakerjaan bisa dicairkan",3,https://lifepal.co.id/media/bpjs-ketenagakerjaan-kapan-waktu-tepat-mencairkan-dananya/,2,2,1300,1300,-,-,-,-
"asuransi kesehatan keluarga cashless",2,https://lifepal.co.id/media/asuransi-kesehatan-keluarga-terbaik/,1,1,70,70,0.5,0.5,84,84
"asuransi pendidikan bri",1,https://lifepal.co.id/media/asuransi-pendidikan-bri/,1,1,320,320,-,-,18,18
"jangka waktu pembayaran premi asuransi prudential",2,https://lifepal.co.id/media/premi-asuransi-prudential/,1,2,20,20,-,-,9,9
"asuransi jiwa seumur hidup",4,https://lifepal.co.id/media/asuransi-jiwa-berjangka-vs-seumur-hidup-apa-bedanya/,4,6,140,140,-,-,24,23
"biaya persalinan normal",5,https://lifepal.co.id/media/melahirkan-normal/,4,5,1000,1000,-,-,5,5
"cara cek saldo asuransi aia",2,https://lifepal.co.id/media/cara-cek-saldo-asuransi-aia-2/,2,2,170,170,-,-,5,5
"provider mandiri inhealth",5,https://lifepal.co.id/media/provider-mandiri-inhealth/,5,5,260,260,-,-,-,-
"contoh asuransi pendidikan",1,https://lifepal.co.id/media/asuransi-pendidikan-anak-terbaik/,1,1,320,320,-,-,9,9
"nomor call center bpjs kesehatan",4,https://lifepal.co.id/media/nomor-call-center-bpjs-kesehatan/,1,,1300,1300,-,-,-,-
"asuransi syariah di indonesia",3,https://lifepal.co.id/media/asuransi-syariah-di-indonesia/,3,3,720,720,-,-,16,16
"pencairan asuransi astra life",1,https://lifepal.co.id/media/cara-klaim-asuransi-astra/,1,4,50,50,0.5,0.5,20,20
"asuransi gigi prudential",1,"https://lifepal.co.id/media/asuransi-gigi-prudential/#:~:text=Asuransi gigi prudential adalah jenis,asuransi Prudential untuk karyawan perusahaan.",1,1,90,90,-,-,40,39
"rumah sakit bpjs",3,https://lifepal.co.id/media/rumah-sakit-bpjs/,1,3,390,390,-,-,-,-
"cek saldo manulife",1,"https://lifepal.co.id/media/cek-saldo-manulife/#:~:text=Ada dua cara yang bisa,nomor 0800-1-606060.",1,1,390,480,1,1,11,11
"pinjaman bpjs ketenagakerjaan",9,https://lifepal.co.id/media/pinjaman-bpjs-ketenagakerjaan/,6,9,320,320,0.5,0.5,37,37
"denda bpjs",13,https://lifepal.co.id/media/denda-bpjs/,8,8,2400,2400,-,-,-,-
"plafon asuransi",2,https://lifepal.co.id/media/plafon-asuransi/,1,2,110,110,-,-,6,6
lapse,2,https://lifepal.co.id/media/lapse/,2,2,480,90500,-,-,-,-
"cara tutup polis prudential",2,https://lifepal.co.id/media/cara-tutup-polis-prudential/,1,2,140,140,-,-,2,2
"cara mencairkan asuransi allianz",1,https://lifepal.co.id/media/cara-mencairkan-asuransi-allianz/,1,1,50,50,-,-,20,20
"cara berhenti asuransi cigna",1,"https://lifepal.co.id/media/cara-berhenti-asuransi-cigna/#:~:text=Nasabah dapat menghubungi customer service,Layanan telepon: 1500033",1,1,-,-,-,-,-,-
"asuransi sun life bagus tidak",1,https://lifepal.co.id/media/asuransi-sun-life-bagus-tidak/,1,1,50,50,-,-,9,9
"asuransi digital",2,https://lifepal.co.id/media/asuransi-online/,1,5,140,140,-,-,46,45
"rumah sakit kariadi semarang",9,https://lifepal.co.id/media/rumah-sakit-kariadi-semarang/,6,14,720,720,-,-,-,-
"manfaat bpjs",3,https://lifepal.co.id/media/manfaat-bpjs/,1,2,480,590,-,-,-,-
"cob bpjs",5,https://lifepal.co.id/media/untungnya-kita-sudah-bisa-merasakan-koordinasi-manfaat-bpjs-kesehatan-dengan-pihak-asuransi-swasta-nih-buktinya/,1,1,320,320,-,-,1,1
"daftar penyakit yang ditanggung bpjs kesehatan",10,https://lifepal.co.id/media/deretan-pelayanan-dan-penyakit-yang-tidak-ditanggung-bpjs-kesehatan/,9,9,20,20,-,-,-,-
"cara pindah faskes bpjs online",4,https://lifepal.co.id/media/cara-pindah-faskes-1-bpjs-kesehatan-via-online/,1,6,3600,3600,-,-,-,-
"cek saldo bpjs ketenagakerjaan",18,https://lifepal.co.id/media/cek-saldo-bpjs-ketenagakerjaan/,16,16,74000,74000,-,-,1,1
"rumah sakit emc sentul",8,https://lifepal.co.id/media/rumah-sakit-emc-sentul/,6,6,590,590,-,-,-,-
"terapi mata juling",8,https://lifepal.co.id/media/terapi-mata-juling/,4,5,880,880,-,-,90,91
"rumah sakit di singapura",4,https://lifepal.co.id/media/berobat-ke-singapura-segini-biayanya/,4,6,320,390,-,-,15,15
"asuransi jne",4,https://lifepal.co.id/media/asuransi-jne/,2,3,720,720,-,-,26,26
"broker asuransi",2,https://lifepal.co.id/media/broker-asuransi/,2,2,320,320,0.5,0.5,14,14
"batas waktu klaim jasa raharja",2,https://lifepal.co.id/media/batas-waktu-klaim-asuransi-kecelakaan/,1,1,480,480,-,-,-,-
"rate kendaraan ojk",1,https://lifepal.co.id/media/biaya-asuransi-mobil/,1,1,320,320,-,-,4,4
"biaya asuransi",2,https://lifepal.co.id/media/biaya-asuransi/,2,2,390,390,-,-,28,28
"kerugian ikut asuransi prudential",1,"https://lifepal.co.id/media/kerugian-ikut-asuransi-prudential/#:~:text=Kerugian ikut asuransi Prudential yang sering dikeluhkan oleh nasabah adalah,secara rutin selama bertahun-tahun.",1,1,90,90,-,-,-,-
"asuransi terbaik di dunia",2,https://lifepal.co.id/media/asuransi-terbaik-di-dunia/,1,1,260,260,-,-,21,21
"apakah asuransi bisa digunakan untuk mencari untung",1,"https://lifepal.co.id/media/apakah-asuransi-bisa-digunakan-untuk-mencari-untung/#:~:text=Tentu saja tidak, karena asuransi,yakni indemnity (asas indemnitas).",1,1,50,50,-,-,5,5
"rumah sakit columbia",6,https://lifepal.co.id/media/rumah-sakit-columbia/,4,6,1600,1600,-,-,-,-
"rumah sakit mata cicendo",11,https://lifepal.co.id/media/rumah-sakit-mata-cicendo/,11,25,1300,1300,-,-,1,1
"cigna family care",2,https://lifepal.co.id/media/cigna-family-care/,2,2,140,140,-,-,14,14
"mandiri inhealth untuk gigi",1,"https://lifepal.co.id/media/mandiri-inhealth-untuk-gigi/#:~:text=Asuransi Mandiri Inhealth untuk gigi,memilih polis Mandiri Inhealth Indemnity.",1,1,40,40,-,-,1,1
"perbedaan asuransi jiwa dan kesehatan",5,https://lifepal.co.id/media/perbedaan-asuransi-jiwa-dan-kesehatan-2/,3,4,320,320,-,-,22,22
"rumah sakit carolus",12,https://lifepal.co.id/media/rumah-sakit-carolus/,10,16,1600,1600,-,-,1,1
"hukum asuransi dalam islam",2,https://lifepal.co.id/media/hukum-asuransi-dalam-islam/,2,2,1600,1600,-,-,1,1
"cara cek saldo asuransi bri life",2,https://lifepal.co.id/media/cara-cek-saldo-asuransi-bri-life/,1,1,480,480,-,-,17,17
"psikiater BPJS",4,https://lifepal.co.id/media/cara-ke-psikiater-dengan-bpjs/,3,3,390,390,-,-,7,7
"cek saldo axa mandiri",3,https://lifepal.co.id/media/cek-saldo-axa-mandiri/,3,4,480,480,-,-,11,11
"premi asuransi kesehatan sinarmas",2,https://lifepal.co.id/media/asuransi-kesehatan-sinar-mas/,2,2,50,50,-,-,44,44
"cara klaim asuransi prudential",3,https://lifepal.co.id/media/cara-klaim-asuransi-prudential/,3,3,170,170,-,-,15,15
"rs permata cibubur",6,https://lifepal.co.id/media/rumah-sakit-permata-cibubur/,6,12,3600,3600,-,-,-,-
"rumah sakit pusat otak nasional",5,https://lifepal.co.id/media/rumah-sakit-pusat-otak-nasional/,4,5,1600,1600,-,-,-,-
"biaya asuransi mobil",1,https://lifepal.co.id/media/rate-asuransi-mobil/,1,1,390,390,1.5,1,59,57
"asuransi bangkrut",3,https://lifepal.co.id/media/perusahaan-asuransi-yang-bangkrut/,3,3,110,110,-,-,2,2
"rumah sakit ortopedi",5,https://lifepal.co.id/media/rumah-sakit-ortopedi/,5,7,1000,1000,-,-,1,1
"persekot asuransi adalah",1,"https://lifepal.co.id/media/persekot-asuransi/#:~:text=Secara lengkap, arti persekot asuransi,biaya untuk periode saat ini.",1,1,390,390,-,-,-,-
"cara menutup asuransi chubb life",1,"https://lifepal.co.id/media/cara-menutup-asuransi-chubb-life/#:~:text=Hubungi layanan Chubb Life Insurance,Kembalikan buku polis asuransi.",1,1,90,90,-,-,6,6
"contoh asuransi kesehatan",1,https://lifepal.co.id/media/asuransi-kesehatan-terbaik/,1,2,720,720,-,-,20,20
"bengkel ac mobil recommended",4,https://lifepal.co.id/media/bengkel-ac-mobil-recommended/,1,3,20,20,-,-,66,66
"harga aki mobil avanza",7,https://lifepal.co.id/media/harga-aki-mobil-avanza/,6,6,1900,1900,-,-,100,100
"aki mobil yuasa",8,https://lifepal.co.id/media/aki-mobil-yuasa/,8,9,590,590,-,-,100,100
"cara melepas aki mobil yang benar",8,https://lifepal.co.id/media/cara-melepas-aki-mobil-yang-benar/,7,7,320,320,-,-,-,-
"harga obat batuk",5,https://lifepal.co.id/media/harga-obat-batuk/,5,5,720,880,-,-,85,87
"klaim asuransi autocillin",2,https://lifepal.co.id/media/autocillin/,1,1,10,10,-,-,35,35
"asuransi penyakit kritis terbaik",2,https://lifepal.co.id/media/asuransi-penyakit-kritis/,1,1,140,170,1.5,1.5,54,53
"strut bar",9,https://lifepal.co.id/media/strut-bar/,6,7,1900,12100,4,2,69,81
"paddle shift",6,https://lifepal.co.id/media/paddle-shift/,5,6,1600,40500,-,-,40,56
"remote mobil tidak berfungsi",3,https://lifepal.co.id/media/remote-mobil/,3,3,590,590,-,-,31,31
"stasiun pengisian mobil listrik",3,https://lifepal.co.id/media/stasiun-pengisian-mobil-listrik/,3,3,590,590,-,-,41,41
"dinamo mobil listrik",3,https://lifepal.co.id/media/dinamo-mobil-listrik/,2,3,720,720,-,-,100,100
"inverter mobil",18,https://lifepal.co.id/media/inverter-mobil/,8,8,1000,1000,-,-,100,100
"alat scanner mobil",8,https://lifepal.co.id/media/alat-scanner-mobil/,7,7,1000,1000,-,-,100,100
"segitiga pengaman mobil",9,https://lifepal.co.id/media/segitiga-pengaman-mobil/,7,12,720,720,-,-,97,97
"cek pajak kendaraan online jawa barat",8,https://lifepal.co.id/media/begini-cara-mudah-untuk-cek-pajak-kendaraan-online-jawa-barat/,5,6,880,880,-,-,1,1
"air purifier mobil",7,https://lifepal.co.id/media/air-purifier-mobil/,4,4,720,720,-,-,100,100
"contoh asuransi syariah",3,https://lifepal.co.id/media/contoh-asuransi/,3,3,1300,1300,-,-,3,3
"contoh polis asuransi jiwa",1,https://lifepal.co.id/media/contoh-asuransi-jiwa-2/,1,1,320,320,0.5,0.5,13,13
"kamera mobil",6,https://lifepal.co.id/media/kamera-mobil/,3,4,1300,1600,-,-,100,100
"harga alarm mobil",14,https://lifepal.co.id/media/harga-alarm-mobil/,4,4,480,590,-,-,100,100
"arti facelift",4,https://lifepal.co.id/media/arti-facelift/,3,6,720,720,-,-,-,-
"pajak mobil listrik",6,https://lifepal.co.id/media/pajak-mobil-listrik/,5,5,1300,1300,-,-,11,11
asyki,3,https://lifepal.co.id/media/asuransi-syariah-asyki/,3,3,260,260,-,-,2,2
"cara pindah gigi mobil matic",3,https://lifepal.co.id/media/cara-pindah-gigi-mobil-matic/,2,3,390,390,-,-,-,-
"asuransi fwd penipu",1,https://lifepal.co.id/media/asuransi-fwd-penipu/,1,1,590,590,-,-,4,3
"cara kerja mobil listrik",6,https://lifepal.co.id/media/cara-kerja-mobil-listrik/,4,6,880,880,-,-,5,5
"front wheel drive",3,https://lifepal.co.id/media/front-wheel-drive-adalah/,3,3,480,18100,-,1,3,9
"adira syariah",10,https://lifepal.co.id/media/adira-syariah/,6,9,590,590,-,-,16,16
"asuransi staco mandiri",3,https://lifepal.co.id/media/asuransi-staco-mandiri/,2,3,720,720,-,-,5,4
"manfaat asuransi syariah",4,https://lifepal.co.id/media/manfaat-asuransi-syariah/,3,3,1300,1300,-,-,6,6
"kantor prudential",5,https://lifepal.co.id/media/kantor-prudential/,3,3,480,480,-,-,-,-
"bengkel rekanan garda oto",3,https://lifepal.co.id/media/bengkel-rekanan-garda-oto/,2,2,110,110,1,1,20,20
"lifepal penipu",2,https://lifepal.co.id/media/lifepal-penipu/,2,2,590,590,-,-,3,3
"perjanjian asuransi",2,https://lifepal.co.id/media/perjanjian-asuransi/,2,2,320,320,-,-,3,3
"cara kerja asuransi",1,https://lifepal.co.id/media/cara-kerja-asuransi/,1,1,480,480,-,-,24,23
"bengkel spesialis ford",4,https://lifepal.co.id/media/bengkel-spesialis-ford/,4,4,320,320,-,-,4,4
"bengkel rekanan autocillin",2,https://lifepal.co.id/media/bengkel-rekanan-autocillin/,1,2,70,70,-,-,35,35
"asuransi hp",3,https://lifepal.co.id/media/asuransi-handphone/,3,3,480,480,-,-,63,62
"bengkel rekanan asuransi abda",1,https://lifepal.co.id/media/asuransi-mobil-abda/,1,1,50,50,-,-,29,29
"asuransi jiwa central asia raya",6,https://lifepal.co.id/media/asuransi-jiwa-central-asia/,4,5,260,260,0.5,0.5,9,9
"ahli asuransi",1,"https://lifepal.co.id/media/ahli-asuransi/#:~:text=Ahli asuransi adalah tenaga jasa,sebagai bukti kredibilitas atas kemampuannya.",1,1,320,390,0.5,0.5,4,4
"jenis-jenis resiko yang dapat di klaim di dalam asuransi kerugian",2,https://lifepal.co.id/media/jenis-jenis-resiko-yang-dapat-di-klaim-di-dalam-asuransi-kerugian/,1,1,50,50,-,-,-,-
"perbedaan brio satya dan rs",7,https://lifepal.co.id/media/perbedaan-brio-satya-dan-rs/,5,5,1300,1300,-,-,8,8
"berapa lama klaim asuransi kematian",2,https://lifepal.co.id/media/klaim-kematian-asuransi-jiwa/,1,2,110,140,-,-,18,18
"bengkel mobil kia terdekat",1,https://lifepal.co.id/media/bengkel-mobil-kia-terdekat/,1,1,260,260,-,-,10,10
"ganti rugi kecelakaan lalu lintas",1,https://lifepal.co.id/media/ganti-rugi-kecelakaan-lalu-lintas/,1,1,170,170,-,-,-,-
"asuransi mobil syariah",2,https://lifepal.co.id/media/asuransi-mobil-syariah/,2,2,210,210,2,2.5,59,59
spaj,2,https://lifepal.co.id/media/pengertian-spaj/,2,2,260,12100,-,-,-,-
"asuransi chubb penipu",1,https://lifepal.co.id/media/asuransi-chubb-penipu/,1,1,110,110,-,-,3,3
"cara cek saldo asuransi sun life",1,"https://lifepal.co.id/media/cara-cek-saldo-asuransi-sun-life/#:~:text=Untuk dapat mengetahui nilai saldo,1 500 SUN (786).",1,1,110,110,-,-,8,8
"harga mobil proton",,,1,1,390,480,-,-,4,8
"bengkel hyundai terdekat",1,https://lifepal.co.id/media/bengkel-mobil-hyundai-terdekat/,1,1,1000,1000,-,-,9,8
"bengkel interior mobil",4,https://lifepal.co.id/media/biaya-ganti-full-interior-mobil/,4,4,210,210,-,-,71,71
"pengertian asuransi mikro",2,https://lifepal.co.id/media/pengertian-asuransi-mikro/,2,2,10,10,-,-,3,3
"alphard lombardi",1,https://lifepal.co.id/media/alphard-lombardi/,1,1,1000,1000,-,-,19,19
"bengkel cat mobil bandung",1,https://lifepal.co.id/media/bengkel-cat-mobil-bandung/,1,1,260,260,-,-,34,33
"kode bayar prudential",2,https://lifepal.co.id/media/kode-bayar-prudential/,1,2,50,70,-,-,-,-
"bengkel mobil diesel bandung",1,https://lifepal.co.id/media/bengkel-mobil-diesel-bandung/,1,1,50,50,-,-,8,8
"bengkel bmw bandung",1,https://lifepal.co.id/media/bengkel-bmw-bandung/,1,1,140,140,-,-,5,4
"bengkel chevrolet bandung",1,https://lifepal.co.id/media/bengkel-chevrolet-bandung/,1,1,320,320,0.5,0.5,8,8
"bengkel daihatsu bandung",1,https://lifepal.co.id/media/bengkel-daihatsu-bandung/,1,1,170,170,-,-,6,6
"bengkel ford bandung",1,https://lifepal.co.id/media/bengkel-ford-bandung/,1,1,260,260,-,-,3,3
"bengkel honda bandung",2,https://lifepal.co.id/media/bengkel-honda-bandung/,1,1,210,210,-,-,13,13
"bengkel hyundai bandung",1,https://lifepal.co.id/media/bengkel-hyundai-bandung/,1,1,140,140,-,-,3,3
"bengkel kia bandung",1,https://lifepal.co.id/media/bengkel-kia-bandung/,1,1,170,170,-,-,5,5
"bengkel mazda bandung",1,https://lifepal.co.id/media/bengkel-mazda-bandung/,1,1,170,170,-,-,14,14
"bengkel mercy bandung",1,https://lifepal.co.id/media/bengkel-mercy-bandung/,1,1,210,210,-,-,10,10
"bengkel jok mobil jogja",2,https://lifepal.co.id/media/bengkel-jok-mobil-jogja/,2,2,50,50,-,-,26,26
"bengkel mitsubishi bandung",1,https://lifepal.co.id/media/bengkel-mitsubishi-bandung/,1,1,260,260,-,-,6,6
"bengkel nissan bandung",1,https://lifepal.co.id/media/bengkel-nissan-bandung/,1,1,390,390,-,-,16,15
"bengkel peugeot bandung",1,https://lifepal.co.id/media/bengkel-peugeot-bandung/,1,1,90,90,-,-,3,3
"bengkel mobil suzuki bandung",1,https://lifepal.co.id/media/bengkel-mobil-suzuki-bandung/,1,1,90,90,-,-,11,10
"bengkel toyota bandung",1,https://lifepal.co.id/media/bengkel-toyota-bandung/,1,1,170,170,-,-,6,6
"bengkel dinamo terdekat",2,https://lifepal.co.id/media/bengkel-dinamo-terdekat/,2,5,6600,6600,-,-,3,3
"bengkel vw bandung",1,https://lifepal.co.id/media/bengkel-vw-bandung/,1,1,110,110,-,-,3,3
"bengkel radiator bandung",1,https://lifepal.co.id/media/bengkel-radiator-bandung/,1,1,110,110,-,-,19,19
"bengkel body repair",1,https://lifepal.co.id/media/bengkel-body-repair/,1,1,2900,2900,-,-,11,11
"bengkel mobil matic",3,https://lifepal.co.id/media/bengkel-mobil-matic/,2,3,1300,1300,-,-,13,13
"bengkel mobil panggilan banjarmasin",1,https://lifepal.co.id/media/bengkel-mobil-panggilan-banjarmasin/,1,1,40,40,-,-,1,1
"bengkel mobil banjarmasin",1,https://lifepal.co.id/media/bengkel-mobil-banjarmasin/,1,1,320,320,-,-,1,1
"bengkel cat mobil di batam",1,https://lifepal.co.id/media/bengkel-cat-mobil-di-batam/,1,1,30,30,-,-,4,4
"bengkel spesialis rack steer",1,https://lifepal.co.id/media/bengkel-spesialis-rack-steer/,1,1,70,70,-,-,7,7
"bengkel mobil batam",1,https://lifepal.co.id/media/bengkel-mobil-batam/,1,1,210,210,-,-,10,10
"bengkel honda jakarta selatan",1,https://lifepal.co.id/media/bengkel-mobil-honda-jakarta-selatan/,1,1,90,90,-,-,7,7
"bengkel cat mobil bekasi",1,https://lifepal.co.id/media/bengkel-cat-mobil-bekasi/,1,1,110,110,-,-,31,31
"bengkel body kit mobil di bekasi",1,https://lifepal.co.id/media/bengkel-body-kit-mobil-bekasi/,1,1,10,10,-,-,10,10
"bengkel spesialis engine mounting",1,https://lifepal.co.id/media/bengkel-spesialis-engine-mounting/,1,1,30,30,-,-,40,40
"bengkel chevrolet pekanbaru",1,https://lifepal.co.id/media/bengkel-chevrolet-pekanbaru/,1,1,50,50,-,-,-,-
"bengkel daihatsu bekasi",1,https://lifepal.co.id/media/bengkel-daihatsu-bekasi/,1,1,70,70,-,-,12,12
"3i mobiss",1,https://lifepal.co.id/media/3i-mobiss/,1,1,140,170,-,-,4,4
"asuransi mobil adira",2,https://lifepal.co.id/media/asuransi-mobil-adira/,2,2,70,70,1.5,1.5,44,44
"bengkel ford bekasi",1,https://lifepal.co.id/media/bengkel-ford-bekasi/,1,1,140,140,-,-,12,12
"bengkel mobil honda bekasi",3,https://lifepal.co.id/media/bengkel-mobil-honda-bekasi/,2,3,90,90,-,-,19,19
"bengkel mercy bekasi",1,https://lifepal.co.id/media/bengkel-mercy-bekasi/,1,1,90,90,-,-,18,18
"bengkel mobil matic spesialis",4,https://lifepal.co.id/media/bengkel-mobil-matic-spesialis/,2,2,10,10,-,-,5,5
"harga mobil nissan gtr",2,https://lifepal.co.id/media/harga-mobil-nissan-gtr/,2,2,1000,1000,-,-,25,24
"bengkel mobil ditech injection",2,https://lifepal.co.id/media/bengkel-mobil-ditech-injection/,2,2,40,40,-,-,-,-
"honda sensing",4,https://lifepal.co.id/media/honda-sensing/,3,5,1900,9900,-,0.5,2,9
"bengkel mitsubishi bekasi",1,https://lifepal.co.id/media/bengkel-mitsubishi-bekasi/,1,2,110,110,-,-,11,11
"bengkel uji emisi mobil di bekasi",1,https://lifepal.co.id/media/bengkel-uji-emisi-mobil-di-bekasi/,1,1,-,-,-,-,-,-
"bengkel mobil bekasi",2,https://lifepal.co.id/media/bengkel-mobil-bekasi/,2,2,480,480,-,-,23,23
"bengkel nissan bintaro",1,https://lifepal.co.id/media/bengkel-nissan-bintaro/,1,1,70,70,-,-,4,4
"bengkel chevrolet terdekat",1,https://lifepal.co.id/media/bengkel-mobil-chevrolet/,1,1,480,480,-,-,3,3
"bengkel mobil bintaro",1,https://lifepal.co.id/media/bengkel-mobil-bintaro/,1,1,170,170,-,-,15,14
"bengkel spesialis chevrolet",2,https://lifepal.co.id/media/bengkel-spesialis-chevrolet/,2,2,210,210,-,-,3,3
"bengkel bmw bogor",1,https://lifepal.co.id/media/bengkel-bmw-bogor/,1,1,40,50,-,-,14,14
"bengkel daihatsu bogor",1,https://lifepal.co.id/media/bengkel-daihatsu-bogor/,1,1,50,50,-,-,14,14
"bengkel hyundai bogor",1,https://lifepal.co.id/media/bengkel-hyundai-bogor/,1,1,70,70,-,-,7,7
"bengkel mercy bogor",1,https://lifepal.co.id/media/bengkel-mercy-bogor/,1,1,50,70,-,-,15,15
"bengkel nissan bogor",1,https://lifepal.co.id/media/bengkel-nissan-bogor/,1,1,140,140,-,-,3,3
"bengkel suzuki bogor",1,https://lifepal.co.id/media/bengkel-suzuki-bogor/,1,1,140,140,-,-,6,6
"bengkel toyota bogor",1,https://lifepal.co.id/media/bengkel-toyota-bogor/,1,1,70,70,-,-,11,11
"bengkel bogor",1,https://lifepal.co.id/media/bengkel-mobil-bogor/,1,2,110,110,-,-,2,1
"bengkel resmi honda jakarta barat",1,https://lifepal.co.id/media/bengkel-mobil-honda-jakarta-barat/,1,1,40,50,-,-,7,7
"harga mobil mclaren",1,https://lifepal.co.id/media/harga-mobil-mclaren/,1,1,1300,1300,-,-,30,30
"bengkel mobil honda cirebon",1,https://lifepal.co.id/media/bengkel-mobil-honda-cirebon/,1,1,50,50,-,-,2,2
"bengkel nissan cirebon",1,https://lifepal.co.id/media/bengkel-nissan-cirebon/,1,1,70,70,-,-,2,2
"bengkel mobil cirebon",1,https://lifepal.co.id/media/bengkel-mobil-cirebon/,1,1,390,390,-,-,1,1
"bengkel mobil daihatsu",2,https://lifepal.co.id/media/bengkel-mobil-daihatsu/,2,2,170,170,-,-,8,8
"bengkel ford",2,https://lifepal.co.id/media/bengkel-ford/,2,2,880,880,-,-,8,8
"polis mobil",2,https://lifepal.co.id/media/contoh-polis-asuransi-mobil/,1,1,90,110,0.5,0.5,73,67
"bengkel cat mobil di denpasar",1,https://lifepal.co.id/media/bengkel-cat-mobil-di-denpasar/,1,1,20,20,-,-,17,17
"bengkel mobil honda denpasar",1,https://lifepal.co.id/media/bengkel-mobil-honda-denpasar/,1,1,50,50,-,-,3,3
"bengkel mobil denpasar",1,https://lifepal.co.id/media/bengkel-mobil-denpasar/,1,1,320,320,-,-,6,6
"bengkel spesialis ford fiesta",3,https://lifepal.co.id/media/bengkel-spesialis-ford-fiesta/,2,3,20,20,-,-,3,3
"bengkel cat mobil di depok",1,https://lifepal.co.id/media/bengkel-cat-mobil-di-depok/,1,1,20,20,-,-,27,27
"bengkel chevrolet depok",1,https://lifepal.co.id/media/bengkel-chevrolet-depok/,1,1,110,110,-,-,1,1
"bengkel daihatsu depok",3,https://lifepal.co.id/media/bengkel-daihatsu-depok/,3,3,90,90,-,-,4,4
"pemegang polis",3,https://lifepal.co.id/media/pemegang-polis/,2,3,140,140,0.5,0.5,3,3
"bengkel toyota depok",1,https://lifepal.co.id/media/bengkel-toyota-depok/,1,1,70,70,-,-,13,13
"bengkel mobil honda terdekat",1,https://lifepal.co.id/media/bengkel-mobil-honda-denpasar/,1,1,2900,2900,-,-,10,10
"bengkel mobil depok",1,https://lifepal.co.id/media/bengkel-mobil-depok/,1,1,480,480,-,-,20,20
"bengkel rekanan asuransi msig",2,https://lifepal.co.id/media/asuransi-mobil-msig/,2,2,10,10,-,-,5,5
"bengkel mobil garut",1,https://lifepal.co.id/media/bengkel-mobil-garut/,1,1,170,170,-,-,-,-
"bengkel mercy jakarta selatan",1,https://lifepal.co.id/media/bengkel-mercy-jakarta-selatan/,1,1,110,110,-,-,30,30
"bengkel body repair mitsubishi jakarta",1,https://lifepal.co.id/media/bengkel-body-repair-mitsubishi-jakarta/,1,1,40,40,-,-,29,28
"bengkel vw jakarta",1,https://lifepal.co.id/media/bengkel-vw-jakarta/,1,1,90,110,-,-,21,20
"bengkel mobil jakarta timur",1,https://lifepal.co.id/media/bengkel-mobil-jakarta-timur/,1,1,320,320,-,-,34,34
"bengkel cat mobil di jambi",1,https://lifepal.co.id/media/bengkel-cat-mobil-di-jambi/,1,1,10,10,-,-,-,-
"bengkel mobil jambi",1,https://lifepal.co.id/media/bengkel-mobil-jambi/,1,1,210,210,-,-,-,-
"bengkel cat mobil jogja",1,https://lifepal.co.id/media/bengkel-cat-mobil-jogja/,1,1,170,170,-,-,26,26
"malacca trust finance",1,"https://lifepal.co.id/media/malacca-trust/#:~:text=Malacca Trust Finance adalah perusahaan,Insurance Tbk. (MTWI).",1,1,210,210,0.5,0.5,7,7
"harga mobil murah",1,https://lifepal.co.id/media/harga-mobil-termurah-rp-100-juta/,1,1,4400,4400,-,-,61,59
"bengkel chevrolet jogja",1,https://lifepal.co.id/media/bengkel-chevrolet-jogja/,1,1,140,140,-,-,2,2
"bengkel spesialis hyundai",3,https://lifepal.co.id/media/bengkel-spesialis-hyundai/,3,3,210,210,-,-,3,3
"bengkel daihatsu jogja",1,https://lifepal.co.id/media/bengkel-daihatsu-jogja/,1,1,90,90,-,-,5,5
"bengkel mobil honda jogja",1,https://lifepal.co.id/media/bengkel-mobil-honda-jogja/,1,1,90,90,-,-,18,18
"bengkel hyundai jogja",1,https://lifepal.co.id/media/bengkel-hyundai-jogja/,1,,50,50,-,-,6,6
"bengkel spesialis kelistrikan mobil",1,https://lifepal.co.id/media/bengkel-spesialis-kelistrikan-mobil/,1,1,90,90,-,-,9,9
"bengkel mobil isuzu terdekat",1,https://lifepal.co.id/media/bengkel-mobil-isuzu-terdekat/,1,1,140,140,-,-,11,11
"bengkel kia jogja",1,https://lifepal.co.id/media/bengkel-kia-jogja/,1,1,90,90,-,-,2,2
"bengkel panggilan jogja",1,https://lifepal.co.id/media/bengkel-panggilan-jogja/,1,1,260,260,-,-,7,7
"bengkel peugeot jogja",1,https://lifepal.co.id/media/bengkel-peugeot-jogja/,1,1,70,70,-,-,8,8
"bengkel mobil suzuki jogja",1,https://lifepal.co.id/media/bengkel-mobil-suzuki-jogja/,1,1,50,50,-,-,13,13
"bengkel toyota jogja",1,https://lifepal.co.id/media/bengkel-toyota-jogja/,1,1,90,90,-,-,4,4
"bengkel radiator jogja",1,https://lifepal.co.id/media/bengkel-radiator-jogja/,1,1,110,110,-,-,4,4
"bengkel spesialis mazda",3,https://lifepal.co.id/media/bengkel-spesialis-mazda/,2,3,480,480,-,-,8,8
"bengkel mobil yogyakarta",1,https://lifepal.co.id/media/bengkel-mobil-yogyakarta/,1,1,90,90,-,-,8,7
"bengkel spesialis mercy",1,https://lifepal.co.id/media/bengkel-spesialis-mercy/,1,1,140,140,-,-,10,10
"bengkel cat mobil klaten",1,https://lifepal.co.id/media/bengkel-cat-mobil-klaten/,1,1,30,30,-,-,5,5
"bengkel mobil klaten",1,https://lifepal.co.id/media/bengkel-mobil-klaten/,1,1,260,260,-,-,2,2
"bengkel cat mobil bandar lampung",1,https://lifepal.co.id/media/bengkel-cat-mobil-bandar-lampung/,1,2,50,50,-,-,49,49
"bengkel mobil bandar lampung",1,https://lifepal.co.id/media/bengkel-mobil-bandar-lampung/,1,1,320,320,-,-,11,11
"bengkel daihatsu makassar",1,https://lifepal.co.id/media/bengkel-daihatsu-makassar/,1,1,90,90,-,-,9,8
"bengkel mobil mitsubishi terdekat",1,https://lifepal.co.id/media/bengkel-mobil-mitsubishi-terdekat/,1,1,390,390,-,-,15,15
"bengkel spesialis mitsubishi",5,https://lifepal.co.id/media/bengkel-spesialis-mitsubishi/,5,,260,260,-,-,4,4
"bengkel honda makassar",1,https://lifepal.co.id/media/bengkel-honda-makassar/,1,1,210,210,-,-,2,2
"bengkel kia makassar",1,https://lifepal.co.id/media/bengkel-kia-makassar/,1,1,40,40,-,-,-,-
"bengkel mitsubishi makassar",1,https://lifepal.co.id/media/bengkel-mitsubishi-makassar/,1,1,70,70,-,-,1,1
"bengkel spesialis airbag",2,https://lifepal.co.id/media/bengkel-spesialis-airbag/,1,1,40,50,-,-,29,28
"bengkel toyota makassar",1,https://lifepal.co.id/media/bengkel-toyota-makassar/,1,1,170,170,-,-,7,7
"bengkel mobil makassar",1,https://lifepal.co.id/media/bengkel-mobil-makassar/,1,1,390,390,-,-,1,1
"bengkel cat mobil yang bagus di malang",1,https://lifepal.co.id/media/bengkel-cat-mobil-yang-bagus-di-malang/,1,1,10,10,-,-,-,-
"bengkel chevrolet malang",1,https://lifepal.co.id/media/bengkel-chevrolet-malang/,1,1,110,110,-,-,-,-
"gps mobil terbaik",5,https://lifepal.co.id/media/gps-mobil-terbaik/,3,3,880,880,-,-,100,100
"bengkel ford malang",1,https://lifepal.co.id/media/bengkel-ford-malang/,1,1,70,70,-,-,-,-
"bengkel mobil honda malang",1,https://lifepal.co.id/media/bengkel-mobil-honda-malang/,1,1,70,70,-,-,4,4
"bengkel panggilan malang",1,https://lifepal.co.id/media/bengkel-panggilan-malang/,1,1,110,110,-,-,2,2
"bengkel nissan",5,https://lifepal.co.id/media/bengkel-nissan-bandung/,4,5,1600,1600,-,-,6,6
"bengkel suzuki malang",1,https://lifepal.co.id/media/bengkel-suzuki-malang/,1,1,140,140,-,-,10,10
"bengkel toyota malang",1,https://lifepal.co.id/media/bengkel-toyota-malang/,1,1,70,70,-,-,3,3
"bengkel ford palembang",1,https://lifepal.co.id/media/bengkel-ford-palembang/,1,1,70,70,-,-,1,1
"bengkel mobil malang",2,https://lifepal.co.id/media/bengkel-mobil-malang/,2,2,590,590,-,-,9,9
"bengkel mitsubishi palembang",1,https://lifepal.co.id/media/bengkel-mitsubishi-palembang/,1,1,70,70,-,-,-,-
"bengkel toyota palembang",2,https://lifepal.co.id/media/bengkel-toyota-palembang/,1,2,70,70,-,-,9,9
"kunci stang mobil",12,https://lifepal.co.id/media/kunci-stang-mobil/,8,10,1000,1000,-,-,100,100
"bengkel modifikasi mobil medan",1,https://lifepal.co.id/media/bengkel-modifikasi-mobil-medan/,1,1,20,20,-,-,1,1
"bengkel honda medan",1,https://lifepal.co.id/media/bengkel-honda-medan/,1,1,90,90,-,-,2,2
"bengkel peugeot",1,https://lifepal.co.id/media/bengkel-peugeot/,1,1,260,260,-,-,3,3
"bengkel mitsubishi medan",1,https://lifepal.co.id/media/bengkel-mitsubishi-medan/,1,1,90,90,-,-,5,5
"bengkel toyota medan",1,https://lifepal.co.id/media/bengkel-toyota-medan/,1,1,70,70,-,-,8,8
"bengkel mobil sumedang",1,https://lifepal.co.id/media/bengkel-mobil-sumedang/,1,1,110,110,-,-,3,3
"bengkel mobil resmi suzuki terdekat",3,https://lifepal.co.id/media/bengkel-mobil-suzuki-terdekat/,3,4,110,110,-,-,7,7
"bengkel mobil medan",1,https://lifepal.co.id/media/bengkel-mobil-medan/,1,1,480,480,-,-,5,5
"bengkel cat mobil madiun",1,https://lifepal.co.id/media/bengkel-cat-mobil-madiun/,1,1,70,70,-,-,2,2
"bengkel mobil pontianak",1,https://lifepal.co.id/media/bengkel-mobil-pontianak/,1,1,390,390,-,-,1,1
"bengkel mobil terdekat",6,https://lifepal.co.id/media/bengkel-mobil-makassar/,4,4,201000,201000,-,-,6,6
"bengkel mobil cimahi",,,2,3,260,260,-,-,18,18
"bengkel kaki kaki mobil terdekat",3,https://lifepal.co.id/media/bengkel-mobil-bandung/,2,13,9900,9900,-,-,8,8
"bengkel mobil terbaik",2,https://lifepal.co.id/media/bengkel-mobil-terbaik/,2,2,170,170,-,-,20,20
"bengkel mobil toyota",1,https://lifepal.co.id/media/bengkel-mobil-toyota/,1,2,390,390,-,-,9,9
"bengkel mobil suzuki makassar",1,https://lifepal.co.id/media/bengkel-mobil-suzuki-makassar/,1,1,40,40,-,-,3,3
"bengkel spesialis kijang kapsul",1,https://lifepal.co.id/media/bengkel-spesialis-kijang-kapsul/,1,1,50,50,-,-,6,6
"bengkel mobil matic malang",1,https://lifepal.co.id/media/bengkel-mobil-matic-malang/,1,1,50,50,-,-,2,2
"bengkel mobil eropa",2,https://lifepal.co.id/media/bengkel-mobil-eropa/,2,2,140,140,-,-,9,9
"bengkel perbaikan sasis mobil",1,https://lifepal.co.id/media/bengkel-perbaikan-sasis-mobil/,1,1,40,40,-,-,24,24
"bengkel bos",4,https://lifepal.co.id/media/bengkel-bos/,4,5,2900,2900,-,-,9,9
"bengkel knalpot mobil",3,https://lifepal.co.id/media/bengkel-knalpot-mobil/,2,3,2900,2900,-,-,3,3
"bengkel resmi",1,https://lifepal.co.id/media/bengkel-resmi-bengkel-umum-mana-pilihan-lebih-cerdas/,1,1,1600,1600,-,-,-,-
"bengkel dokter mobil",2,https://lifepal.co.id/media/bengkel-dokter-mobil/,2,3,210,210,-,-,6,6
"bengkel mini cooper",1,https://lifepal.co.id/media/bengkel-mini-cooper/,1,1,90,110,-,-,14,12
"bengkel mobil kediri",1,https://lifepal.co.id/media/bengkel-mobil-kediri/,1,1,320,320,-,-,2,2
"bengkel mobil magelang",1,https://lifepal.co.id/media/bengkel-mobil-magelang/,1,1,260,260,-,-,-,-
"bengkel mobil kudus",1,https://lifepal.co.id/media/bengkel-mobil-kudus/,1,1,260,260,-,-,1,1
"bengkel mobil balikpapan",1,https://lifepal.co.id/media/bengkel-mobil-balikpapan/,1,1,390,390,-,-,10,10
"rumah sakit depok",2,https://lifepal.co.id/media/rumah-sakit-depok/,2,2,880,880,-,-,1,1
"bengkel mobil tegal",1,https://lifepal.co.id/media/bengkel-mobil-tegal/,1,1,260,260,-,-,-,-
"bengkel wuling",,,4,5,390,390,-,-,8,8
"bengkel mobil jember",1,https://lifepal.co.id/media/bengkel-mobil-jember/,1,1,260,260,-,-,6,6
"bengkel mobil manado",1,https://lifepal.co.id/media/bengkel-mobil-manado/,1,1,170,170,-,-,1,1
"bengkel mobil cianjur",1,https://lifepal.co.id/media/bengkel-mobil-cianjur/,1,1,110,110,-,-,2,2
"bengkel rekanan aca",2,https://lifepal.co.id/media/bengkel-rekanan-aca/,2,2,140,140,1,1,24,24
"bengkel rekanan sinarmas",4,https://lifepal.co.id/media/bengkel-rekanan-sinarmas/,3,3,110,110,-,-,21,20
"bengkel rekanan brins",1,https://lifepal.co.id/media/bengkel-rekanan-brins/,1,1,-,-,-,-,-,-
"bengkel mobil probolinggo",1,https://lifepal.co.id/media/bengkel-mobil-probolinggo/,1,1,170,170,-,-,-,-
"bengkel uji emisi mobil diesel",1,https://lifepal.co.id/media/bengkel-uji-emisi-mobil-diesel/,1,1,-,-,-,-,-,-
"biaya tune up mobil di bengkel resmi honda",1,https://lifepal.co.id/media/biaya-tune-up-mobil-di-bengkel-resmi-honda/,1,1,70,70,-,-,21,21
"biaya cat mobil di bengkel resmi toyota",1,https://lifepal.co.id/media/biaya-cat-mobil-di-bengkel-resmi-toyota/,1,1,70,70,-,-,31,31
"biaya cat mobil di bengkel resmi daihatsu",1,https://lifepal.co.id/media/biaya-cat-mobil-di-bengkel-resmi-daihatsu/,1,1,70,70,-,-,18,18
"bengkel bekasi",1,https://lifepal.co.id/media/bengkel-bekasi/,1,1,140,140,-,-,5,5
"bengkel mobil purwakarta",1,https://lifepal.co.id/media/bengkel-mobil-purwakarta/,1,1,170,170,-,-,2,2
"bengkel mobil serang",3,https://lifepal.co.id/media/bengkel-mobil-serang/,1,3,170,170,-,-,2,2
"bengkel mobil palu",1,https://lifepal.co.id/media/bengkel-mobil-palu/,1,1,110,110,-,-,-,-
"bengkel mobil kendari",1,https://lifepal.co.id/media/bengkel-mobil-kendari/,1,1,110,110,-,-,-,-
"biaya cat mobil di bengkel resmi suzuki",1,https://lifepal.co.id/media/biaya-cat-mobil-di-bengkel-resmi-suzuki/,1,1,40,40,-,-,10,10
"bengkel mobil tasikmalaya",1,https://lifepal.co.id/media/bengkel-mobil-tasikmalaya/,1,1,260,260,-,-,5,5
"bengkel modifikasi mobil di jakarta",4,https://lifepal.co.id/media/daftar-tempat-berburu-spare-part-modifikasi-mobil-di-jakarta-tanpa-bikin-kantong-kering/,4,4,10,10,-,-,14,14
"bengkel daihatsu pekanbaru",1,https://lifepal.co.id/media/bengkel-daihatsu-pekanbaru/,1,1,70,70,-,-,2,2
"bengkel mobil pekanbaru",1,https://lifepal.co.id/media/bengkel-mobil-pekanbaru/,1,1,480,480,-,-,1,1
"bengkel cat mobil purwokerto",1,https://lifepal.co.id/media/bengkel-cat-mobil-purwokerto/,1,1,70,70,-,-,5,5
"bengkel mobil purwokerto",3,https://lifepal.co.id/media/bengkel-mobil-purwokerto/,3,3,480,480,-,-,11,11
"bengkel uji emisi mobil tangerang",1,https://lifepal.co.id/media/bengkel-uji-emisi-mobil-tangerang/,1,1,10,10,-,-,-,-
"bengkel mobil panggilan salatiga",1,https://lifepal.co.id/media/bengkel-mobil-panggilan-salatiga/,1,1,40,40,-,-,8,8
"bengkel mobil salatiga",1,https://lifepal.co.id/media/bengkel-mobil-salatiga/,1,1,320,320,-,-,6,6
"bengkel honda samarinda",1,https://lifepal.co.id/media/bengkel-honda-samarinda/,1,1,90,90,-,-,1,1
"jenis jenis klaim asuransi",2,https://lifepal.co.id/media/klaim-asuransi/,2,2,50,50,-,-,2,2
"bengkel toyota samarinda",1,https://lifepal.co.id/media/bengkel-toyota-samarinda/,1,2,50,50,-,-,3,3
"bengkel samarinda",1,https://lifepal.co.id/media/bengkel-samarinda/,1,1,110,110,-,-,-,-
"bengkel ac mobil semarang",1,https://lifepal.co.id/media/bengkel-ac-mobil-semarang/,1,1,320,320,0.5,0.5,11,11
"bengkel cat mobil semarang",1,https://lifepal.co.id/media/bengkel-cat-mobil-semarang/,1,1,210,260,-,-,11,11
"bengkel bmw semarang",1,https://lifepal.co.id/media/bengkel-BMW-Semarang/,1,1,110,110,-,-,4,4
"cara memperbaiki aki kering",5,https://lifepal.co.id/media/cara-memperbaiki-aki-kering/,4,5,880,880,-,-,3,3
"asuransi mobil all risk apa saja yang ditanggung",2,https://lifepal.co.id/media/asuransi-mobil-all-risk-apa-saja-yang-ditanggung/,2,2,90,90,-,-,38,38
"mekanisme asuransi syariah",1,https://lifepal.co.id/media/mekanisme-asuransi-syariah/,1,1,170,170,-,-,-,-
"cek limit asuransi reliance",1,"https://lifepal.co.id/media/cek-limit-asuransi-reliance/#:~:text=Bagaimana cara cek saldo Asuransi,untuk layanan telepon bebas pulsa.",1,2,170,170,-,-,6,6
"biaya klaim asuransi mobil",1,https://lifepal.co.id/media/biaya-klaim-asuransi-mobil/,1,1,210,210,0.5,0.5,44,44
"asuransi umum adalah",4,https://lifepal.co.id/media/asuransi-umum/,3,4,390,390,-,-,4,4
"asuransi mobil honda",2,https://lifepal.co.id/media/asuransi-mobil-honda/,2,2,140,140,2,2,35,35
"produk asuransi prudential",3,https://lifepal.co.id/media/5-pilihan-asuransi-prudential-buat-proteksi-finansial/,2,2,140,140,-,-,21,21
"total loss only",4,https://lifepal.co.id/media/apa-itu-asuransi-tlo/,4,4,140,170,-,-,30,27
"axa mandiri syariah",,,4,,210,260,-,-,5,5
"bengkel ford semarang",1,https://lifepal.co.id/media/bengkel-ford-semarang/,1,1,170,170,-,-,1,1
"bengkel kia semarang",1,https://lifepal.co.id/media/bengkel-kia-semarang/,1,1,70,70,-,-,2,2
"bengkel mercy semarang",1,https://lifepal.co.id/media/bengkel-mercy-semarang/,1,1,90,90,-,-,5,5
"bengkel mitsubishi semarang",1,https://lifepal.co.id/media/bengkel-mitsubishi-semarang/,1,1,210,210,-,-,4,4
"contoh alasan pembatalan polis asuransi",1,"https://lifepal.co.id/media/contoh-alasan-pembatalan-polis-asuransi/#:~:text=Salah satu alasan polis asuransi,juga premi yang perlu dibayar.",1,1,140,140,-,-,-,-
"asuransi kombinasi",2,https://lifepal.co.id/media/beda-benefit-tlo-risk-dan-kombinasi-plus-cara-hitung-preminya/,2,16,90,90,-,-,37,37
"bengkel toyota semarang",1,https://lifepal.co.id/media/bengkel-toyota-semarang/,1,1,90,90,-,-,11,11
"bengkel mobil semarang",3,https://lifepal.co.id/media/bengkel-mobil-semarang/,2,3,880,880,-,-,9,9
"pembatalan polis asuransi mobil",1,https://lifepal.co.id/media/apa-ya-konsekuensinya-kalau-polis-asuransi-mobil-kita-batalkan/,1,1,-,-,-,-,-,-
"asuransi jiwa kpr",3,https://lifepal.co.id/media/manfaat-asuransi-jiwa-kpr-bukan-sembarangan-bagaimana-jika-kepala-keluarga-meninggal/,3,4,110,110,-,-,26,26
"bengkel mobil sidoarjo",1,https://lifepal.co.id/media/bengkel-mobil-sidoarjo/,1,1,480,480,-,-,8,8
"perbedaan asuransi syariah dan konvensional",6,https://lifepal.co.id/media/penjelasan-simpel-perbedaan-asuransi-syariah-dan-konvensional/,6,7,2400,2400,-,-,2,2
"bengkel sidoarjo",1,https://lifepal.co.id/media/bengkel-mobil-sidoarjo/,1,1,140,140,-,-,1,1
"bengkel cat mobil di solo",1,https://lifepal.co.id/media/bengkel-cat-mobil-di-solo/,1,1,30,30,-,-,2,2
"bengkel daihatsu solo",1,https://lifepal.co.id/media/bengkel-daihatsu-solo/,1,1,40,40,-,-,3,3
"bengkel mobil solo",1,https://lifepal.co.id/media/bengkel-mobil-solo/,1,1,390,390,-,-,4,4
"bengkel mobil sukabumi",1,https://lifepal.co.id/media/bengkel-mobil-sukabumi/,1,1,210,210,-,-,-,-
"bengkel cat mobil surabaya",1,https://lifepal.co.id/media/bengkel-cat-mobil-surabaya/,1,1,320,320,-,-,26,25
"bengkel audio mobil surabaya",1,https://lifepal.co.id/media/bengkel-audio-mobil-surabaya/,1,1,90,90,-,-,17,17
"bengkel bmw surabaya",1,https://lifepal.co.id/media/bengkel-bmw-surabaya/,1,1,110,110,-,-,4,3
"asosiasi asuransi jiwa indonesia",2,https://lifepal.co.id/media/asosiasi-asuransi-jiwa-indonesia/,2,3,210,210,0.5,0.5,7,6
"bengkel chevrolet surabaya",1,https://lifepal.co.id/media/bengkel-chevrolet-surabaya/,1,1,260,260,-,-,1,1
"allianz vs prudential",1,https://lifepal.co.id/media/allianz-vs-prudential/,1,1,320,320,-,-,8,9
"bengkel ford surabaya",1,https://lifepal.co.id/media/bengkel-ford-surabaya/,1,1,210,210,-,-,1,1
"bengkel mobil honda surabaya",1,https://lifepal.co.id/media/bengkel-mobil-honda-surabaya/,1,1,140,140,-,-,3,3
"bengkel hyundai surabaya",1,https://lifepal.co.id/media/bengkel-hyundai-surabaya/,1,1,90,90,-,-,12,12
"manfaat asuransi pendidikan",6,https://lifepal.co.id/media/6-asuransi-pendidikan-terbaik-dan-keuntungannya/,6,8,260,260,-,-,3,3
"bengkel kia surabaya",1,https://lifepal.co.id/media/bengkel-kia-surabaya/,1,1,90,90,-,-,3,3
"bengkel mercy surabaya",1,https://lifepal.co.id/media/bengkel-mercy-surabaya/,1,1,140,140,-,-,2,2
"klaim asuransi aca",1,"https://lifepal.co.id/media/klaim-asuransi-aca/#:~:text=Cara klaim asuransi mobil ACA dimulai dengan mengisi formulir klaim,bisa ditemukan dalam artikel ini.",1,1,90,90,0.5,0.5,28,27
"bengkel uji emisi mobil di depok",1,https://lifepal.co.id/media/bengkel-uji-emisi-mobil-di-depok/,1,1,10,10,-,-,-,-
"bengkel mobil honda uji emisi",1,https://lifepal.co.id/media/bengkel-mobil-honda-uji-emisi/,1,1,10,10,-,-,-,-
oktan,9,https://lifepal.co.id/media/oktan/,5,9,1300,22200,-,0.5,16,1
"kelebihan dan kekurangan asuransi aia",1,https://lifepal.co.id/media/kelebihan-dan-kekurangan-asuransi-aia/,1,1,10,10,-,-,7,7
"bengkel mitsubishi surabaya",1,https://lifepal.co.id/media/bengkel-mitsubishi-surabaya/,1,1,170,170,-,-,8,8
"asuransi mobil surabaya",1,https://lifepal.co.id/media/asuransi-mobil-surabaya/,1,2,140,170,1,1,59,59
"perbedaan spooring dan balancing",6,https://lifepal.co.id/media/perbedaan-spooring-dan-balancing/,6,6,720,720,-,-,2,2
"mobil overheat",26,https://lifepal.co.id/media/penyebab-mesin-mobil-menjadi-overheat-yang-patut-diwaspadai/,17,21,880,880,-,-,2,2
"cara menghilangkan goresan di mobil",13,https://lifepal.co.id/media/cara-menghilangkan-goresan-di-mobil/,11,11,880,880,-,-,97,97
"axa mandiri travel insurance",5,https://lifepal.co.id/media/axa-mandiri-travel-insurance/,4,4,390,480,0.5,0.5,48,43
"aki mobil terbaik",17,https://lifepal.co.id/media/merawat-dan-memilih-aki-mobil/,11,14,480,480,-,-,88,88
"cara membersihkan mesin mobil",12,https://lifepal.co.id/media/cara-membersihkan-mesin-mobil/,10,13,390,390,-,-,58,58
"operasi yang ditanggung bpjs",16,https://lifepal.co.id/media/penasaran-pelayanan-dan-penyakit-gak-ditanggung-bpjs/,7,17,320,320,-,-,-,-
"biaya bpjs kesehatan",6,https://lifepal.co.id/media/biaya-bpjs-kesehatan/,5,9,1900,1900,-,-,-,-
"airbag mobil pajero",3,https://lifepal.co.id/media/airbag-mobil-pajero/,1,3,140,140,-,-,45,45
"airbag mobil avanza",3,https://lifepal.co.id/media/airbag-mobil-avanza/,3,3,320,320,-,-,90,90
"asuransi hewan",3,https://lifepal.co.id/media/asuransi-hewan/,2,3,170,170,-,-,5,5
"asuransi elektronik",2,https://lifepal.co.id/media/asuransi-elektronik/,1,1,110,110,-,-,30,29
"berapa pajak mobil",6,https://lifepal.co.id/media/hitung-berapa-pajak-mobil/,4,6,590,590,-,-,1,1
"power window macet",7,https://lifepal.co.id/media/power-window-macet/,6,7,720,720,-,-,31,31
"bengkel body repair mitsubishi surabaya",1,https://lifepal.co.id/media/bengkel-body-repair-mitsubishi-surabaya/,1,1,-,-,-,-,-,-
"bengkel spesialis karburator mobil",1,https://lifepal.co.id/media/bengkel-spesialis-karburator-mobil/,1,1,110,110,-,-,15,15
"bengkel peugeot surabaya",1,https://lifepal.co.id/media/bengkel-peugeot-surabaya/,1,1,50,50,-,-,1,1
"contoh asuransi kredit",1,https://lifepal.co.id/media/asuransi-kredit/,1,1,40,40,-,-,-,-
"bengkel toyota surabaya",2,https://lifepal.co.id/media/bengkel-toyota-surabaya/,2,,110,110,-,-,8,8
"bengkel online",4,https://lifepal.co.id/media/bengkel-mobil/,3,3,720,720,-,-,41,41
"bengkel vw surabaya",1,https://lifepal.co.id/media/bengkel-vw-surabaya/,1,1,50,50,-,-,-,-
"bengkel wuling surabaya",1,https://lifepal.co.id/media/bengkel-wuling-surabaya/,1,1,70,70,-,-,8,8
"bengkel mobil surabaya",5,https://lifepal.co.id/media/bengkel-mobil-surabaya/,3,3,1000,1000,-,-,24,23
"asuransi tanggung gugat",5,https://lifepal.co.id/media/asuransi-tanggung-gugat/,5,,210,210,2,2,6,5
"bengkel ford tangerang",1,https://lifepal.co.id/media/bengkel-ford-tangerang/,1,1,70,70,-,-,23,22
"bengkel resmi honda tangerang",1,https://lifepal.co.id/media/bengkel-resmi-honda-tangerang/,1,1,50,50,-,-,4,4
"bengkel mercy tangerang",1,https://lifepal.co.id/media/bengkel-mercy-tangerang/,1,1,40,40,-,-,8,8
"bengkel mitsubishi tangerang",1,https://lifepal.co.id/media/bengkel-mitsubishi-tangerang/,1,2,90,110,-,-,10,10
"bengkel resmi toyota tangerang",1,https://lifepal.co.id/media/bengkel-resmi-toyota-tangerang/,1,2,40,40,-,-,15,15
"harga dinamo starter mobil",5,https://lifepal.co.id/media/harga-dinamo-starter-mobil/,4,4,1000,1000,-,-,76,77
"indikator engine menyala",6,https://lifepal.co.id/media/indikator-engine-menyala/,4,6,880,880,-,-,-,-
"bengkel spesialis kopling mobil",1,https://lifepal.co.id/media/bengkel-spesialis-kopling-mobil/,1,1,70,70,-,-,26,26
"stabilizer mobil",4,https://lifepal.co.id/media/stabilizer-mobil/,3,6,1600,1600,-,-,96,97
"rangkaian lampu kepala mobil",3,https://lifepal.co.id/media/rangkaian-lampu-kepala-mobil/,1,3,880,880,-,-,17,17
"bengkel lampu spion mobil",1,https://lifepal.co.id/media/bengkel-lampu-spion-mobil/,1,1,50,50,-,-,36,36
"sae oli",6,https://lifepal.co.id/media/sae-oli/,4,4,720,880,-,-,38,38
"kekentalan oli",4,https://lifepal.co.id/media/kekentalan-oli/,4,5,1000,1000,-,-,13,13
"biaya veneer gigi",5,https://lifepal.co.id/media/biaya-veneer-gigi/,4,4,1300,1300,-,-,95,94
"tips memilih asuransi mobil",8,https://lifepal.co.id/media/agen-asuransi-mobil-atau-motor-dari-perusahan-terbaik-sekalipun-merahasiakan-ini-dari-anda/,7,8,30,40,1,1,32,27
triptonic,3,https://lifepal.co.id/media/triptonic/,3,3,720,2400,-,-,1,-
"air suspension mobil",6,https://lifepal.co.id/media/air-suspension-mobil/,3,3,1600,1600,-,-,100,100
"cara cabut berkas mobil",3,https://lifepal.co.id/media/biaya-cabut-berkas-mobil/,3,9,720,720,-,-,5,5
"bengkel mobil tangerang",1,https://lifepal.co.id/media/bengkel-mobil-tangerang/,1,1,480,480,-,-,23,23
"traction control",6,https://lifepal.co.id/media/traction-control/,5,24,880,40500,-,-,3,-
"sistem kelistrikan mobil",5,https://lifepal.co.id/media/sistem-kelistrikan-mobil/,4,5,880,880,-,-,7,7
"arti kode sekring mobil",5,https://lifepal.co.id/media/arti-kode-sekring-mobil/,4,5,880,880,-,-,10,10
"ecu mobil adalah",7,https://lifepal.co.id/media/ecu-mobil-adalah/,5,7,320,320,-,-,7,7
"bengkel radiator mobil terdekat",1,https://lifepal.co.id/media/bengkel-radiator-mobil-terdekat/,1,1,2400,2400,-,-,10,10
"penyebab air radiator cepat habis",8,https://lifepal.co.id/media/penyebab-air-radiator-cepat-habis/,7,7,1300,1300,-,-,-,-
"bengkel rekanan axa mandiri",3,https://lifepal.co.id/media/bengkel-rekanan-axa-mandiri/,2,3,10,10,-,-,15,15
"paket audio mobil",7,https://lifepal.co.id/media/paket-audio-mobil/,7,7,1300,1300,-,-,100,100
"radio mobil",8,https://lifepal.co.id/media/radio-mobil/,6,8,590,880,-,-,92,95
"harga minyak rem mobil",8,https://lifepal.co.id/media/harga-minyak-rem-mobil/,5,5,1600,1600,-,-,97,98
"brake cleaner",4,https://lifepal.co.id/media/brake-cleaner/,3,3,1000,49500,-,0.5,100,100
"rem mobil bunyi",6,https://lifepal.co.id/media/rem-mobil-bunyi/,6,6,720,720,-,-,12,11
"bengkel spesialis rem abs",1,https://lifepal.co.id/media/bengkel-spesialis-rem-abs/,1,1,10,10,-,-,15,15
"disinfektan mobil",3,https://lifepal.co.id/media/disinfektan-mobil/,3,3,110,110,-,-,98,98
"intake air temperature sensor",2,https://lifepal.co.id/media/intake-air-temperature-sensor/,2,3,1000,8100,-,0.5,41,97
"cara bayar bpjs lewat atm",7,https://lifepal.co.id/media/bpjs-kesehatan-begini-cara-dan-tahapan-bayarnya-lewat-atm/,6,6,90,90,-,-,-,-
"rs grha kedoya",19,https://lifepal.co.id/media/rumah-sakit-grha-kedoya/,13,13,6600,6600,-,-,-,-
"bengkel pintu mobil",1,https://lifepal.co.id/media/bengkel-pintu-mobil/,1,1,720,720,-,-,3,3
"axa hospital plus life",3,https://lifepal.co.id/media/axa-hospital-plus-life/,3,3,70,70,-,-,15,15
reasuransi,4,https://lifepal.co.id/media/reasuransi/,3,4,720,720,-,-,-,-
"pajak tahunan mobil",3,https://lifepal.co.id/media/pajak-tahunan-mobil/,1,3,480,480,0.5,0.5,1,1
"dasar hukum asuransi syariah",5,https://lifepal.co.id/media/hukum-asuransi-syariah/,4,6,1000,1000,-,-,-,-
"kecelakaan tol jagorawi",35,https://lifepal.co.id/media/kecelakaan-tol-jagorawi/,25,32,880,880,-,-,-,-
"brum indonesia",40,https://lifepal.co.id/media/montir-mobil-panggilan-brum-indonesia-solusinya/,28,49,40,50,-,-,-,-
"menghilangkan jamur kaca mobil",18,https://lifepal.co.id/media/menghilangkan-jamur-kaca-mobil/,13,14,590,590,-,-,100,100
"sistem starter",19,https://lifepal.co.id/media/sistem-starter/,19,19,1900,1900,-,-,6,6
"ciri ciri gigi berlubang",4,https://lifepal.co.id/media/ciri-ciri-gigi-berlubang/,3,4,720,720,-,-,6,6
"bengkel spesialis bmw",5,https://lifepal.co.id/media/bengkel-bmw-surabaya/,3,4,260,260,-,-,8,8
"bengkel rekanan asuransi raksa",3,https://lifepal.co.id/media/bengkel-rekanan-asuransi-raksa/,3,3,70,70,-,-,17,17
"fungsi polis asuransi",8,https://lifepal.co.id/media/polis-asuransi/,7,8,90,90,-,-,9,9
"bengkel suzuki surabaya",1,https://lifepal.co.id/media/bengkel-mobil-suzuki-surabaya/,1,1,260,260,-,-,3,9
"cara dempul mobil",6,https://lifepal.co.id/media/cara-dempul-mobil-yang-keropos/,6,16,480,480,-,-,50,50
"harga sarung jok mobil",7,https://lifepal.co.id/media/harga-sarung-jok-mobil/,7,15,390,390,-,-,99,99
"lampu indikator mobil menyala terus",6,https://lifepal.co.id/media/lampu-indikator-mobil-menyala-terus/,5,6,590,590,-,-,8,8
"kondensor ac mobil",21,https://lifepal.co.id/media/kondensor-ac-mobil/,19,23,2400,2400,-,-,96,96
"biaya operasi plastik",7,https://lifepal.co.id/media/biaya-operasi-plastik/,5,7,880,880,-,-,21,21
"rumah sakit islam cempaka putih",5,https://lifepal.co.id/media/rumah-sakit-islam/,5,8,1900,1900,-,-,-,-
"harga spion mobil",6,https://lifepal.co.id/media/kaca-spion-mobil/,3,3,2400,2400,-,-,100,100
"rumah sakit budi kemuliaan",10,https://lifepal.co.id/media/rumah-sakit-budi-kemuliaan/,7,7,1300,1300,-,-,-,-
"kamera 360 mobil",14,https://lifepal.co.id/media/kamera-mobil/,8,10,1600,1600,-,-,100,100
"pompa ban mobil portable",13,https://lifepal.co.id/media/pompa-ban-mobil/,9,12,320,320,-,-,100,100
"filter udara mobil",5,https://lifepal.co.id/media/filter-udara-mobil/,3,4,1000,1000,-,-,92,92
"transmisi otomatis",6,https://lifepal.co.id/media/transmisi-otomatis/,6,6,1900,1900,-,-,17,17
"lampu strobo mobil",8,https://lifepal.co.id/media/lampu-strobo-mobil/,8,12,1600,1600,-,-,100,100
"lampu kota mobil",10,https://lifepal.co.id/media/lampu-kota-mobil/,10,11,1000,1000,-,-,98,98
"perpanjang stnk tanpa ktp",7,https://lifepal.co.id/media/bisa-lewat-minimarket-begini-cara-bayar-pajak-kendaraan-tanpa-ktp-asli/,6,6,880,880,-,-,1,1
"bengkel mobil bandung",5,https://lifepal.co.id/media/bengkel-mobil-bandung/,3,4,880,880,-,-,32,32
"mobil hidrogen",3,https://lifepal.co.id/media/mobil-hidrogen/,2,2,720,720,-,-,-,-
"dop velg",9,https://lifepal.co.id/media/dop-velg/,8,10,720,720,-,-,95,95
"biaya service mobil suzuki di bengkel resmi",4,https://lifepal.co.id/media/biaya-service-mobil-suzuki-di-bengkel-resmi/,4,4,170,170,-,-,20,20
"cara cek saldo asuransi zurich",1,"https://lifepal.co.id/media/cara-cek-saldo-asuransi-zurich/#:~:text=Caranya cukup mudah yakni dengan,ingin mengecek saldo asuransi Zurich.",1,1,110,110,-,-,12,12
"bengkel kaca mobil",1,https://lifepal.co.id/media/bengkel-kaca-mobil/,1,1,1600,1600,-,-,8,7
"biaya derek mobil di tol",3,https://lifepal.co.id/media/jasa-derek-mobil/,2,3,170,170,-,-,10,10
"blower ac mobil",10,https://lifepal.co.id/media/blower-ac-mobil/,7,7,1000,1000,-,-,94,94
"kabel aki mobil",10,https://lifepal.co.id/media/kabel-aki-mobil/,7,11,720,880,-,-,100,99
"arti marka jalan",19,https://lifepal.co.id/media/arti-marka-jalan/,14,16,720,720,-,-,-,-
"baterai mobil listrik",17,https://lifepal.co.id/media/baterai-mobil-listrik/,11,12,1900,1900,-,-,91,90
"model jok mobil",8,https://lifepal.co.id/media/model-jok-mobil/,8,8,1600,1600,-,-,97,97
"harga klakson mobil",10,https://lifepal.co.id/media/harga-klakson-mobil/,7,11,880,880,-,-,100,100
"relay mobil",10,https://lifepal.co.id/media/relay-mobil/,9,9,880,880,-,-,98,98
"cara cek saldo asuransi chubb life",2,https://lifepal.co.id/media/cara-cek-saldo-asuransi-chubb-life/,1,1,70,90,-,-,3,3
"hyundai palisade facelift",2,https://lifepal.co.id/media/hyundai-palisade-facelift/,2,4,1000,1300,-,-,23,21
"bengkel ketok magic cibinong",1,https://lifepal.co.id/media/bengkel-ketok-magic-cibinong/,1,1,20,20,-,-,10,10
"bengkel ketok magic serpong",1,https://lifepal.co.id/media/ketok-magic-bsd/,1,1,10,10,-,-,64,64
"harga kursus mobil",7,https://lifepal.co.id/media/biaya-kursus-stir-mobil/,7,7,590,590,-,-,13,13
"biaya kateterisasi jantung",2,https://lifepal.co.id/media/biaya-katerisasi-jantung/,1,2,880,880,-,-,12,12
"fungsi crankshaft",5,https://lifepal.co.id/media/fungsi-crankshaft/,5,5,1900,1900,-,-,-,-
"cuci steam mobil",6,https://lifepal.co.id/media/cuci-steam-mobil/,6,7,720,720,-,-,21,21
"kecelakaan di tol",48,https://lifepal.co.id/media/kecelakaan-di-tol/,18,21,880,880,-,-,-,-
"water hammer",22,https://lifepal.co.id/media/water-hammer/,19,19,1300,27100,-,0.5,23,57
"pengharum mobil terbaik",32,https://lifepal.co.id/media/pengharum-mobil-terbaik/,23,27,1300,1300,-,-,99,99
"lampu hid",5,https://lifepal.co.id/media/lampu-hid/,4,4,2400,2400,-,-,96,95
"prinsip asuransi syariah",8,https://lifepal.co.id/media/asuransi-syariah/,6,7,1300,1300,-,-,1,1
"sistem ac mobil",4,https://lifepal.co.id/media/sistem-ac-mobil/,4,4,1000,1000,-,-,12,12
"harga mobil renault",7,https://lifepal.co.id/media/harga-mobil-renault/,7,7,720,720,-,-,10,10
"asuransi dibayar dimuka",4,https://lifepal.co.id/media/asuransi-bayar-dimuka/,4,4,720,720,-,-,-,-
"asuransi konvensional adalah",2,https://lifepal.co.id/media/asuransi-konvensional-ini-keuntungan-dan-kekurangannya/,2,3,1000,1000,-,-,-,-
"jaminan kematian bpjs",,,,,720,720,-,-,-,-
"asuransi kerugian",3,https://lifepal.co.id/media/asuransi-kerugian/,3,3,480,480,-,-,4,4
"term life",3,https://lifepal.co.id/media/term-life/,3,4,210,18100,0.5,12,2,18
"asuransi kecelakaan kerja",4,https://lifepal.co.id/media/asuransi-kecelakaan-kerja/,3,4,390,390,-,-,36,36
"harga mobil sigra 2020",8,https://lifepal.co.id/media/harga-mobil-sigra-2020/,7,8,170,210,-,-,48,47
"harga mobil peugeot",9,https://lifepal.co.id/media/harga-mobil-peugeot/,7,7,1300,1600,-,-,29,28
"harga mobil kia sorento",3,https://lifepal.co.id/media/harga-mobil-kia-sorento/,2,3,70,70,-,-,5,5
"harga mobil volvo",9,https://lifepal.co.id/media/harga-mobil-volvo/,7,7,1900,1900,-,-,29,28
"harga mobil vw",7,https://lifepal.co.id/media/harga-mobil-vw/,6,6,1600,1900,-,-,38,38
fktp,1,https://lifepal.co.id/media/fktp/,1,1,1000,1300,-,-,1,1
"program bayi tabung bpjs",2,https://lifepal.co.id/media/mulai-rp-20-juta-4-rumah-sakit-penyedia-bayi-tabung-murah/,1,1,-,-,-,-,-,-
"harga mobil soluna",8,https://lifepal.co.id/media/harga-mobil-soluna/,8,8,390,390,-,-,7,7
"asuransi sosial",4,https://lifepal.co.id/media/asuransi-sosial/,3,3,390,390,-,-,2,2
"pre existing condition",4,https://lifepal.co.id/media/pre-existing-condition/,4,4,260,8100,-,1.5,-,6
"asuransi jiwa berjangka",6,https://lifepal.co.id/media/asuransi-jiwa-berjangka/,3,4,170,170,-,-,21,20
"harga mobil jaguar",4,https://lifepal.co.id/media/harga-mobil-jaguar/,3,3,880,1000,0.5,1,19,19
"harga mobil panther bekas",10,https://lifepal.co.id/media/harga-mobil-panther-bekas/,7,8,1900,1900,-,-,4,4
"harga mobil vw beetle",10,https://lifepal.co.id/media/harga-mobil-vw-beetle/,6,6,140,140,-,-,13,13
"harga mobil smart",3,https://lifepal.co.id/media/harga-mobil-smart/,3,4,1000,1000,-,-,34,33
"harga mobil pick up bekas",4,https://lifepal.co.id/media/harga-mobil-pickup-bekas/,2,4,3600,3600,-,-,56,52
"fungsi gardan",5,https://lifepal.co.id/media/fungsi-gardan/,5,5,1900,1900,-,-,-,-
"cara mengemudi mobil manual",6,https://lifepal.co.id/media/cara-mengemudi-mobil-manual/,5,7,1000,1000,-,-,-,-
"axa mandiri call center",4,https://lifepal.co.id/media/axa-mandiri-call-center/,4,4,480,480,-,-,-,-
"asuransi takaful adalah",3,https://lifepal.co.id/media/asuransi-takaful-pelopor-asuransi-syariah-di-indonesia/,1,1,260,260,-,-,11,11
"klaim bpjs ketenagakerjaan online",10,https://lifepal.co.id/media/dana-bpjs-ketenagakerjaan-dicairkan-secara-online-7-langkahnya/,7,12,4400,4400,-,-,-,-
"klaim jht bpjs ketenagakerjaan",18,https://lifepal.co.id/media/klaim-jht-bpjs-ketenagakerjaan/,15,21,590,590,-,-,-,-
"rem tangan mobil",24,https://lifepal.co.id/media/rem-tangan-mobil/,9,15,1000,1000,-,-,27,27
"cara pasang aki mobil",10,https://lifepal.co.id/media/cara-pasang-aki-mobil/,8,9,1600,1600,-,-,12,12
"harga mobil subaru",7,https://lifepal.co.id/media/harga-mobil-subaru/,7,8,720,720,-,-,18,17
"harga mobil katana",18,https://lifepal.co.id/media/harga-mobil-katana/,10,18,1900,1900,-,-,37,36
"cruise control",8,https://lifepal.co.id/media/cruise-control-adalah/,8,13,2900,90500,-,-,29,8
"suspensi mobil",19,https://lifepal.co.id/media/suspensi-mobil/,10,10,1000,1000,-,-,31,31
"kelas bpjs dihapus",7,https://lifepal.co.id/media/kelas-iuran-bpjs-kesehatan/,4,5,1600,1600,-,-,-,-
"peraturan bpjs kesehatan",57,https://lifepal.co.id/media/biaya-bpjs-kesehatan/,42,44,260,260,-,-,-,-
"perbedaan bpjs kesehatan dan bpjs ketenagakerjaan",3,https://lifepal.co.id/media/perbedaan-bpjs-ketenagakerjaan-dan-bpjs-kesehatan/,1,3,1000,1300,-,-,1,1
"pentingnya asuransi",6,https://lifepal.co.id/media/melihat-pentingnya-asuransi-bagi-masa-depan-keuangan-anda/,5,5,320,320,-,-,18,18
"cara membuka pintu mobil yang terkunci",8,https://lifepal.co.id/media/cara-membuka-pintu-mobil-yang-terkunci/,6,8,1300,1300,-,-,6,6
"cara pindah faskes bpjs offline",1,https://lifepal.co.id/media/cara-pindah-faskes-bpjs-kesehatan/,1,1,170,170,-,-,-,-
"rumah sakit ui",3,https://lifepal.co.id/media/rumah-sakit-ui/,3,3,1600,1600,-,-,-,-
"rumah sakit puri cinere",4,https://lifepal.co.id/media/rumah-sakit-puri-cinere/,4,4,1000,1000,-,-,-,-
"rumah sakit gandaria",4,https://lifepal.co.id/media/rumah-sakit-gandaria/,4,4,880,880,-,-,-,-
"rumah sakit puri indah",5,https://lifepal.co.id/media/rumah-sakit-puri-indah/,4,5,1300,1300,-,-,-,-
"contoh asuransi jiwa",3,https://lifepal.co.id/media/contoh-asuransi-jiwa/,2,2,720,720,-,-,17,17
"rsia asih",8,https://lifepal.co.id/media/rsia-asih/,7,7,1600,1600,-,-,-,-
"rumah sakit jmc",8,https://lifepal.co.id/media/rumah-sakit-jmc/,5,6,720,720,-,-,-,-
"cara cek saldo bni life",1,"https://lifepal.co.id/media/cara-cek-saldo-bni-life/#:~:text=3. Cara cek saldo BNI Life Insurance lewat SMS&text=Cara ini terbilang sangat mudah,SALDO [spasi] nomor polis.",1,2,210,210,-,-,4,4
"rumah sakit jantung harapan kita",9,https://lifepal.co.id/media/rumah-sakit-jantung-harapan-kita/,7,12,2400,2400,-,-,4,4
"cara menghitung saldo bpjs ketenagakerjaan",1,https://lifepal.co.id/media/bpjs-ketenagakerjaan-dan-cara-menghitungnya/,1,2,260,260,-,-,-,-
"asuransi nelayan",4,https://lifepal.co.id/media/asuransi-nelayan/,4,4,140,140,-,-,7,7
"bisakah tunggakan bpjs diputihkan",3,https://lifepal.co.id/media/jangan-nunggak-iuran-bpjs-kesehatan-kalau-ogah-rugi-kayak-gini/,3,3,1300,1300,-,-,-,-
"bayar bpjs tokopedia",24,https://lifepal.co.id/media/7-cara-bayar-bpjs-kesehatan/,17,17,110,110,-,-,1,1
"rumah sakit margono",4,https://lifepal.co.id/media/rumah-sakit-margono/,4,4,1900,1900,-,-,-,-
"rs omni alam sutera",4,https://lifepal.co.id/media/rumah-sakit-omni/,4,4,1000,1000,-,-,-,-
"istilah dalam asuransi",7,https://lifepal.co.id/media/istilah-dalam-asuransi/,6,6,320,320,-,-,7,7
"nomor telepon bpjs kesehatan",4,https://lifepal.co.id/media/nomor-call-center-bpjs-kesehatan/,3,4,4400,4400,-,-,-,-
"polis asuransi mobil",1,https://lifepal.co.id/media/contoh-polis-asuransi-mobil/,1,1,210,210,1,1,40,39
"bengkel kaki kaki mobil",2,https://lifepal.co.id/media/bengkel-kaki-kaki-mobil/,2,2,3600,3600,-,-,11,11
